{"count":1,"self":10.734592,"total":46.1215726,"children":{"InitializeActuators":{"count":1,"self":0.0039945,"total":0.0039945,"children":null},"InitializeSensors":{"count":1,"self":0.0029985999999999997,"total":0.0029985999999999997,"children":null},"AgentSendState":{"count":1208,"self":0.0274176,"total":1.3682846,"children":{"GridSensor.Update":{"count":2416,"self":0.010088999999999999,"total":1.3283601,"children":{"GridSensor.Perceive":{"count":2416,"self":1.3182711,"total":1.3182711,"children":null}}},"CollectObservations":{"count":1208,"self":0.0040051999999999996,"total":0.0040051999999999996,"children":null},"WriteActionMask":{"count":1208,"self":0.0044161999999999995,"total":0.0044161999999999995,"children":null},"RequestDecision":{"count":1208,"self":0.0040855,"total":0.0040855,"children":null}}},"DecideAction":{"count":1208,"self":2.7386179999999998,"total":2.7445443999999997,"children":{"GridSensor.WriteToTensor":{"count":2416,"self":0.0059263,"total":0.0059263,"children":null}}},"AgentAct":{"count":1208,"self":31.256451199999997,"total":31.256450299999997,"children":null}},"gauges":{"Control_behaviour.CumulativeReward":{"count":32,"max":10.7,"min":-2.00999856,"runningAverage":8.940939,"value":9.62,"weightedAverage":9.342227}},"metadata":{"timer_format_version":"0.1.0","start_time_seconds":"1665071352","unity_version":"2020.3.35f1","command_line_arguments":"D:\\Repos\\Future E22 repo\\PIPE game\\Repo_build\\Infrastructure Simulation.exe","communication_protocol_version":"1.5.0","com.unity.ml-agents_version":"1.9.1-preview","scene_name":"Infrastructure Nets","end_time_seconds":"1665071398"}}